﻿<parameters>
  <parameter name="IIS Web Application Name" defaultValue="Default Web Site/MVCWebUIComponent_deploy" tags="IisApp">
    <parameterEntry kind="ProviderPath" scope="IisApp" match="^D:\\Bikram\ Data\\15June19\\Src\\Src\\NVSComponents\\MVCWebUIComponent\\obj\\Debug\\Package\\PackageTmp$" />
  </parameter>
  <parameter name="Environment" defaultValue="__Environment__">
    <parameterEntry kind="XmlFile" scope="Web\.config$" match="/configuration/appSettings/add[@key='Environment']/@value" />
  </parameter>
  <parameter name="WMSQueue" defaultValue="__WMSQueue__">
    <parameterEntry kind="XmlFile" scope="Web\.config$" match="//*[@name='WMSQueue']/@uri" />
  </parameter>
  <parameter name="WMSRequestQueue" defaultValue="__WMSRequestQueue__">
    <parameterEntry kind="XmlFile" scope="Web\.config$" match="//*[@name='WMSRequestQueue']/@uri" />
  </parameter>
  <parameter name="UsePing" defaultValue="__UsePing__">
    <parameterEntry kind="XmlFile" scope="Web\.config$" match="/configuration/appSettings/add[@key='UsePing']/@value" />
  </parameter>
  <parameter name="AuthenticationMode" defaultValue="__AuthenticationMode__">
    <parameterEntry kind="XmlFile" scope="Web\.config$" match="/configuration/system.web/authentication/@mode" />
  </parameter>
  <parameter name="LATDbConnectionString-Web.config Connection String" defaultValue="__ConnectionString__">
    <parameterEntry kind="XmlFile" scope="Web\.config$" match="//connectionStrings/add[@name='LATDbConnectionString']/@connectionString" />
    <parameterEntry kind="XmlFile" scope="D:\\Bikram\ Data\\15June19\\Src\\Src\\NVSComponents\\MVCWebUIComponent\\obj\\Debug\\Package\\PackageTmp\\Web\.config$" match="/configuration/connectionStrings/add[@name='LATDbConnectionString']/@connectionString" />
  </parameter>
  <parameter name="NVSInfoListener" defaultValue="__NVSInfoListener__">
    <parameterEntry kind="XmlFile" scope="Entlib\.config$" match="/configuration/loggingConfiguration/listeners/add[@name='NVSInfoListener']/@fileName" />
  </parameter>
  <parameter name="NVSErrorListener" defaultValue="__NVSErrorListener__">
    <parameterEntry kind="XmlFile" scope="Entlib\.config$" match="//*[@name='NVSErrorListener']/@fileName" />
  </parameter>
</parameters>